"0","conteo_mensual <- base_limpia %>%"
"0","  mutate(mes_año = floor_date(fecha_infraccion, ""month"")) %>% "
"0","  group_by(mes_año) %>%"
"0","  summarise(total_eventos = n(), .groups = 'drop')"
"0",""
"0","grafico_temporal <- ggplot(conteo_mensual, aes(x = mes_año, y = total_eventos)) +"
"0","  geom_line(color = ""steelblue"", size = 1) +"
"0","  geom_point(color = ""darkblue"", size = 1.5) +"
"0","  geom_vline(xintercept = as.numeric(as.Date(""2026-01-01"")), "
"0","             linetype = ""dashed"", color = ""red"", size = 1) +"
"0","  labs(title = ""Evolución Mensual de Homicidios (2014 - 2026)"","
"0","       subtitle = ""Validación de empalme entre bases históricas y recientes"","
"0","       x = ""Mes y Año"","
"0","       y = ""Total de Homicidios Mensuales"") +"
"0","  theme_minimal()"
"0",""
"0","print(grafico_temporal)"
