"amenity","n_vecinos_proximos","distrito","amenidad_lon","amenidad_lat"
"restaurant",14,"MACHALA",-79.960495,-3.2632293
"restaurant",14,"MACHALA",-79.960495,-3.2632293
"restaurant",14,"MACHALA",-79.960495,-3.2632293
"restaurant",14,"MACHALA",-79.960495,-3.2632293
"restaurant",14,"MACHALA",-79.960495,-3.2632293
"restaurant",14,"MACHALA",-79.960495,-3.2632293
"restaurant",14,"MACHALA",-79.960495,-3.2632293
"restaurant",14,"MACHALA",-79.960495,-3.2632293
"restaurant",14,"MACHALA",-79.960495,-3.2632293
"restaurant",14,"MACHALA",-79.960495,-3.2632293
"restaurant",14,"MACHALA",-79.960495,-3.2632293
"restaurant",14,"MACHALA",-79.960495,-3.2632293
"restaurant",14,"MACHALA",-79.960495,-3.2632293
"restaurant",14,"MACHALA",-79.960495,-3.2632293
"restaurant",14,"MACHALA",-79.960495,-3.2632293
"restaurant",14,"MACHALA",-79.960495,-3.2632293
"restaurant",14,"MACHALA",-79.960495,-3.2632293
"restaurant",14,"MACHALA",-79.960495,-3.2632293
"restaurant",14,"MACHALA",-79.960495,-3.2632293
"restaurant",14,"MACHALA",-79.960495,-3.2632293
"restaurant",14,"MACHALA",-79.960495,-3.2632293
"restaurant",14,"MACHALA",-79.960495,-3.2632293
"restaurant",14,"MACHALA",-79.960495,-3.2632293
"restaurant",14,"MACHALA",-79.960495,-3.2632293
"restaurant",14,"MACHALA",-79.960495,-3.2632293
"restaurant",14,"MACHALA",-79.960495,-3.2632293
"restaurant",14,"MACHALA",-79.960495,-3.2632293
"restaurant",14,"MACHALA",-79.960495,-3.2632293
"restaurant",14,"MACHALA",-79.960495,-3.2632293
"restaurant",14,"MACHALA",-79.960495,-3.2632293
"restaurant",14,"MACHALA",-79.960495,-3.2632293
"restaurant",14,"MACHALA",-79.960495,-3.2632293
"restaurant",14,"MACHALA",-79.960495,-3.2632293
"restaurant",14,"MACHALA",-79.960495,-3.2632293
"restaurant",17,"MACHALA",-79.960495,-3.2632293
"restaurant",17,"MACHALA",-79.960495,-3.2632293
"restaurant",17,"MACHALA",-79.960495,-3.2632293
"restaurant",19,"MACHALA",-79.960495,-3.2632293
"restaurant",19,"MACHALA",-79.960495,-3.2632293
"restaurant",22,"MACHALA",-79.960495,-3.2632293
"restaurant",22,"MACHALA",-79.960495,-3.2632293
"bank",10,"DURÁN",-79.8431669,-2.1662839
"restaurant",14,"MACHALA",-79.9623223,-3.26151520000001
"restaurant",14,"MACHALA",-79.9623223,-3.26151520000001
"restaurant",14,"MACHALA",-79.9623223,-3.26151520000001
"restaurant",14,"MACHALA",-79.9623223,-3.26151520000001
"restaurant",14,"MACHALA",-79.9623223,-3.26151520000001
"restaurant",14,"MACHALA",-79.9623223,-3.26151520000001
"restaurant",14,"MACHALA",-79.9623223,-3.26151520000001
"restaurant",14,"MACHALA",-79.9623223,-3.26151520000001
"restaurant",14,"MACHALA",-79.9623223,-3.26151520000001
"restaurant",14,"MACHALA",-79.9623223,-3.26151520000001
"restaurant",14,"MACHALA",-79.9623223,-3.26151520000001
"restaurant",14,"MACHALA",-79.9623223,-3.26151520000001
"restaurant",14,"MACHALA",-79.9623223,-3.26151520000001
"restaurant",14,"MACHALA",-79.9623223,-3.26151520000001
"restaurant",14,"MACHALA",-79.9623223,-3.26151520000001
"restaurant",14,"MACHALA",-79.9623223,-3.26151520000001
"restaurant",14,"MACHALA",-79.9623223,-3.26151520000001
"restaurant",14,"MACHALA",-79.9623223,-3.26151520000001
"restaurant",14,"MACHALA",-79.9623223,-3.26151520000001
"restaurant",14,"MACHALA",-79.9623223,-3.26151520000001
"restaurant",14,"MACHALA",-79.9623223,-3.26151520000001
"restaurant",14,"MACHALA",-79.9623223,-3.26151520000001
"restaurant",14,"MACHALA",-79.9623223,-3.26151520000001
"restaurant",14,"MACHALA",-79.9623223,-3.26151520000001
"restaurant",14,"MACHALA",-79.9623223,-3.26151520000001
"restaurant",14,"MACHALA",-79.9623223,-3.26151520000001
"restaurant",14,"MACHALA",-79.9623223,-3.26151520000001
"restaurant",14,"MACHALA",-79.9623223,-3.26151520000001
"restaurant",14,"MACHALA",-79.9623223,-3.26151520000001
"restaurant",14,"MACHALA",-79.9623223,-3.26151520000001
"restaurant",14,"MACHALA",-79.9623223,-3.26151520000001
"restaurant",14,"MACHALA",-79.9623223,-3.26151520000001
"restaurant",14,"MACHALA",-79.9623223,-3.26151520000001
"restaurant",14,"MACHALA",-79.9623223,-3.26151520000001
"restaurant",19,"MACHALA",-79.9623223,-3.26151520000001
"restaurant",19,"MACHALA",-79.9623223,-3.26151520000001
"prison",14,"MACHALA",-79.9636196,-3.2636917
"prison",14,"MACHALA",-79.9636196,-3.2636917
"prison",14,"MACHALA",-79.9636196,-3.2636917
"prison",14,"MACHALA",-79.9636196,-3.2636917
"prison",14,"MACHALA",-79.9636196,-3.2636917
"prison",14,"MACHALA",-79.9636196,-3.2636917
"prison",14,"MACHALA",-79.9636196,-3.2636917
"prison",14,"MACHALA",-79.9636196,-3.2636917
"prison",14,"MACHALA",-79.9636196,-3.2636917
"prison",14,"MACHALA",-79.9636196,-3.2636917
"prison",14,"MACHALA",-79.9636196,-3.2636917
"prison",14,"MACHALA",-79.9636196,-3.2636917
"prison",14,"MACHALA",-79.9636196,-3.2636917
"prison",14,"MACHALA",-79.9636196,-3.2636917
"prison",14,"MACHALA",-79.9636196,-3.2636917
"prison",14,"MACHALA",-79.9636196,-3.2636917
"prison",14,"MACHALA",-79.9636196,-3.2636917
"prison",14,"MACHALA",-79.9636196,-3.2636917
"prison",14,"MACHALA",-79.9636196,-3.2636917
"prison",14,"MACHALA",-79.9636196,-3.2636917
"prison",14,"MACHALA",-79.9636196,-3.2636917
"prison",14,"MACHALA",-79.9636196,-3.2636917
"prison",14,"MACHALA",-79.9636196,-3.2636917
"prison",14,"MACHALA",-79.9636196,-3.2636917
"prison",14,"MACHALA",-79.9636196,-3.2636917
"prison",14,"MACHALA",-79.9636196,-3.2636917
"prison",14,"MACHALA",-79.9636196,-3.2636917
"prison",14,"MACHALA",-79.9636196,-3.2636917
"prison",14,"MACHALA",-79.9636196,-3.2636917
"prison",14,"MACHALA",-79.9636196,-3.2636917
"prison",14,"MACHALA",-79.9636196,-3.2636917
"prison",14,"MACHALA",-79.9636196,-3.2636917
"prison",14,"MACHALA",-79.9636196,-3.2636917
"prison",14,"MACHALA",-79.9636196,-3.2636917
"prison",18,"MACHALA",-79.9636196,-3.2636917
"prison",19,"MACHALA",-79.9636196,-3.2636917
"prison",19,"MACHALA",-79.9636196,-3.2636917
"atm",9,"NUEVA PROSPERINA",-79.9637573,-2.08727
"atm",9,"NUEVA PROSPERINA",-79.9637573,-2.08727
"restaurant",14,"MACHALA",-79.9608718,-3.2639631
"restaurant",14,"MACHALA",-79.9608718,-3.2639631
"restaurant",14,"MACHALA",-79.9608718,-3.2639631
"restaurant",14,"MACHALA",-79.9608718,-3.2639631
"restaurant",14,"MACHALA",-79.9608718,-3.2639631
"restaurant",14,"MACHALA",-79.9608718,-3.2639631
"restaurant",14,"MACHALA",-79.9608718,-3.2639631
"restaurant",14,"MACHALA",-79.9608718,-3.2639631
"restaurant",14,"MACHALA",-79.9608718,-3.2639631
"restaurant",14,"MACHALA",-79.9608718,-3.2639631
"restaurant",14,"MACHALA",-79.9608718,-3.2639631
"restaurant",14,"MACHALA",-79.9608718,-3.2639631
"restaurant",14,"MACHALA",-79.9608718,-3.2639631
"restaurant",14,"MACHALA",-79.9608718,-3.2639631
"restaurant",14,"MACHALA",-79.9608718,-3.2639631
"restaurant",14,"MACHALA",-79.9608718,-3.2639631
"restaurant",14,"MACHALA",-79.9608718,-3.2639631
"restaurant",14,"MACHALA",-79.9608718,-3.2639631
"restaurant",14,"MACHALA",-79.9608718,-3.2639631
"restaurant",14,"MACHALA",-79.9608718,-3.2639631
"restaurant",14,"MACHALA",-79.9608718,-3.2639631
"restaurant",14,"MACHALA",-79.9608718,-3.2639631
"restaurant",14,"MACHALA",-79.9608718,-3.2639631
"restaurant",14,"MACHALA",-79.9608718,-3.2639631
"restaurant",14,"MACHALA",-79.9608718,-3.2639631
"restaurant",14,"MACHALA",-79.9608718,-3.2639631
"restaurant",14,"MACHALA",-79.9608718,-3.2639631
"restaurant",14,"MACHALA",-79.9608718,-3.2639631
"restaurant",14,"MACHALA",-79.9608718,-3.2639631
"restaurant",14,"MACHALA",-79.9608718,-3.2639631
"restaurant",14,"MACHALA",-79.9608718,-3.2639631
"restaurant",14,"MACHALA",-79.9608718,-3.2639631
"restaurant",14,"MACHALA",-79.9608718,-3.2639631
"restaurant",14,"MACHALA",-79.9608718,-3.2639631
"restaurant",17,"MACHALA",-79.9608718,-3.2639631
"restaurant",17,"MACHALA",-79.9608718,-3.2639631
"restaurant",17,"MACHALA",-79.9608718,-3.2639631
"restaurant",19,"MACHALA",-79.9608718,-3.2639631
"restaurant",19,"MACHALA",-79.9608718,-3.2639631
"restaurant",22,"MACHALA",-79.9608718,-3.2639631
"restaurant",22,"MACHALA",-79.9608718,-3.2639631
"hospital",14,"MACHALA",-79.9610619,-3.2638628
"hospital",14,"MACHALA",-79.9610619,-3.2638628
"hospital",14,"MACHALA",-79.9610619,-3.2638628
"hospital",14,"MACHALA",-79.9610619,-3.2638628
"hospital",14,"MACHALA",-79.9610619,-3.2638628
"hospital",14,"MACHALA",-79.9610619,-3.2638628
"hospital",14,"MACHALA",-79.9610619,-3.2638628
"hospital",14,"MACHALA",-79.9610619,-3.2638628
"hospital",14,"MACHALA",-79.9610619,-3.2638628
"hospital",14,"MACHALA",-79.9610619,-3.2638628
"hospital",14,"MACHALA",-79.9610619,-3.2638628
"hospital",14,"MACHALA",-79.9610619,-3.2638628
"hospital",14,"MACHALA",-79.9610619,-3.2638628
"hospital",14,"MACHALA",-79.9610619,-3.2638628
"hospital",14,"MACHALA",-79.9610619,-3.2638628
"hospital",14,"MACHALA",-79.9610619,-3.2638628
"hospital",14,"MACHALA",-79.9610619,-3.2638628
"hospital",14,"MACHALA",-79.9610619,-3.2638628
"hospital",14,"MACHALA",-79.9610619,-3.2638628
"hospital",14,"MACHALA",-79.9610619,-3.2638628
"hospital",14,"MACHALA",-79.9610619,-3.2638628
"hospital",14,"MACHALA",-79.9610619,-3.2638628
"hospital",14,"MACHALA",-79.9610619,-3.2638628
"hospital",14,"MACHALA",-79.9610619,-3.2638628
"hospital",14,"MACHALA",-79.9610619,-3.2638628
"hospital",14,"MACHALA",-79.9610619,-3.2638628
"hospital",14,"MACHALA",-79.9610619,-3.2638628
"hospital",14,"MACHALA",-79.9610619,-3.2638628
"hospital",14,"MACHALA",-79.9610619,-3.2638628
"hospital",14,"MACHALA",-79.9610619,-3.2638628
"hospital",14,"MACHALA",-79.9610619,-3.2638628
"hospital",14,"MACHALA",-79.9610619,-3.2638628
"hospital",14,"MACHALA",-79.9610619,-3.2638628
"hospital",14,"MACHALA",-79.9610619,-3.2638628
"hospital",17,"MACHALA",-79.9610619,-3.2638628
"hospital",17,"MACHALA",-79.9610619,-3.2638628
"hospital",17,"MACHALA",-79.9610619,-3.2638628
"hospital",19,"MACHALA",-79.9610619,-3.2638628
"hospital",19,"MACHALA",-79.9610619,-3.2638628
"hospital",22,"MACHALA",-79.9610619,-3.2638628
"hospital",22,"MACHALA",-79.9610619,-3.2638628
"bar",17,"MACHALA",-79.9602806,-3.26541750000001
"bar",17,"MACHALA",-79.9602806,-3.26541750000001
"bar",17,"MACHALA",-79.9602806,-3.26541750000001
"bar",22,"MACHALA",-79.9602806,-3.26541750000001
"bar",22,"MACHALA",-79.9602806,-3.26541750000001
"restaurant",9,"PASCUALES",-79.9277369,-2.0735449
"restaurant",10,"PASCUALES",-79.9277369,-2.0735449
"restaurant",9,"PASCUALES",-79.9300371,-2.06794479999999
"restaurant",10,"PASCUALES",-79.9300371,-2.06794479999999
"restaurant",9,"PASCUALES",-79.9334451,-2.06825859999999
"restaurant",9,"PASCUALES",-79.9339398,-2.0683356
"bar",10,"NUEVA PROSPERINA",-79.9500561,-2.1038087
"bar",13,"NUEVA PROSPERINA",-79.9500561,-2.1038087
"bar",16,"NUEVA PROSPERINA",-79.9500561,-2.1038087
"bar",9,"NUEVA PROSPERINA",-79.9500561,-2.1038087
"bar",14,"NUEVA PROSPERINA",-79.9500561,-2.1038087
"bar",22,"NUEVA PROSPERINA",-79.9500561,-2.1038087
"bar",18,"NUEVA PROSPERINA",-79.9500561,-2.1038087
"restaurant",12,"NUEVA PROSPERINA",-79.9541085,-2.1049672
"restaurant",15,"NUEVA PROSPERINA",-79.9541085,-2.1049672
"restaurant",19,"NUEVA PROSPERINA",-79.9541085,-2.1049672
"restaurant",15,"NUEVA PROSPERINA",-79.9541085,-2.1049672
"restaurant",15,"NUEVA PROSPERINA",-79.9541085,-2.1049672
"restaurant",15,"NUEVA PROSPERINA",-79.9541085,-2.1049672
"restaurant",16,"NUEVA PROSPERINA",-79.9541085,-2.1049672
"restaurant",22,"NUEVA PROSPERINA",-79.9541085,-2.1049672
"restaurant",18,"NUEVA PROSPERINA",-79.9541085,-2.1049672
"restaurant",10,"DURÁN",-79.8442229,-2.178362
"restaurant",9,"DURÁN",-79.8444679,-2.1791722
"restaurant",10,"DURÁN",-79.8444679,-2.1791722
"restaurant",9,"DURÁN",-79.8444679,-2.1791722
"restaurant",9,"DURÁN",-79.8001546,-2.16875729999999
"restaurant",9,"DURÁN",-79.8001546,-2.16875729999999
"restaurant",9,"DURÁN",-79.7993116,-2.1686932
"restaurant",9,"DURÁN",-79.7993116,-2.1686932
"restaurant",9,"DURÁN",-79.7977358,-2.1688747
"restaurant",9,"DURÁN",-79.7977358,-2.1688747
"restaurant",9,"DURÁN",-79.8000326,-2.1689819
"restaurant",9,"DURÁN",-79.8000326,-2.1689819
"restaurant",10,"DURÁN",-79.8321511,-2.15657329999999
"restaurant",9,"DURÁN",-79.8321511,-2.15657329999999
"restaurant",15,"DURÁN",-79.8321511,-2.15657329999999
"restaurant",14,"DURÁN",-79.8365423,-2.1570761
"restaurant",9,"DURÁN",-79.8365423,-2.1570761
"atm",10,"DURÁN",-79.8443433,-2.17796779999999
"restaurant",10,"DURÁN",-79.8443849,-2.1782255
"restaurant",9,"DURÁN",-79.8487294,-2.17712550000001
"restaurant",9,"DURÁN",-79.8487294,-2.17712550000001
"restaurant",10,"DURÁN",-79.8294687,-2.157451
"restaurant",15,"DURÁN",-79.8294687,-2.157451
"restaurant",10,"DURÁN",-79.8254927,-2.15555549999999
"restaurant",10,"DURÁN",-79.8254927,-2.15555549999999
"restaurant",10,"DURÁN",-79.8254927,-2.15555549999999
"restaurant",10,"DURÁN",-79.8254927,-2.15555549999999
"restaurant",10,"DURÁN",-79.8259666,-2.1528655
"restaurant",10,"DURÁN",-79.8259666,-2.1528655
"restaurant",10,"DURÁN",-79.8259666,-2.1528655
"restaurant",10,"DURÁN",-79.8259666,-2.1528655
"restaurant",10,"DURÁN",-79.8306596,-2.1546428
"restaurant",15,"DURÁN",-79.8306596,-2.1546428
"restaurant",10,"DURÁN",-79.8311127,-2.15515909999999
"restaurant",15,"DURÁN",-79.8311127,-2.15515909999999
"restaurant",10,"DURÁN",-79.8325258,-2.1567275
"restaurant",9,"DURÁN",-79.8325258,-2.1567275
"restaurant",15,"DURÁN",-79.8325258,-2.1567275
"restaurant",10,"DURÁN",-79.8328564,-2.15708209999999
"restaurant",9,"DURÁN",-79.8328564,-2.15708209999999
"restaurant",15,"DURÁN",-79.8328564,-2.15708209999999
"restaurant",9,"DURÁN",-79.8289914,-2.17315429999999
"restaurant",9,"DURÁN",-79.829339,-2.17397080000001
"restaurant",9,"DURÁN",-79.8290674,-2.1735763
"restaurant",9,"DURÁN",-79.8330871,-2.17431269999999
"restaurant",10,"SUR - DMG",-79.8840533,-2.25963640000001
"restaurant",9,"SUR - DMG",-79.8840533,-2.25963640000001
"restaurant",9,"DURÁN",-79.8427937,-2.1624025
"restaurant",10,"DURÁN",-79.8427937,-2.1624025
"restaurant",9,"DURÁN",-79.841491,-2.16097610000001
"restaurant",10,"DURÁN",-79.841491,-2.16097610000001
"restaurant",9,"DURÁN",-79.8399215,-2.1591497
"restaurant",14,"DURÁN",-79.8399215,-2.1591497
"restaurant",14,"DURÁN",-79.8390886,-2.1581622
"restaurant",9,"9 DE OCTUBRE",-79.9110153,-2.218682
"restaurant",10,"9 DE OCTUBRE",-79.9110153,-2.218682
"restaurant",10,"9 DE OCTUBRE",-79.9110153,-2.218682
"restaurant",10,"9 DE OCTUBRE",-79.9110153,-2.218682
"restaurant",10,"9 DE OCTUBRE",-79.9110153,-2.218682
"restaurant",9,"DURÁN",-79.8426564,-2.1622786
"restaurant",10,"DURÁN",-79.8426564,-2.1622786
"bank",9,"DURÁN",-79.8433824,-2.1635075
"bank",10,"DURÁN",-79.8433824,-2.1635075
"restaurant",10,"DURÁN",-79.8440537,-2.16428059999999
"nightclub",9,"SUR - DMG",-79.878553,-2.2774132
"nightclub",10,"SUR - DMG",-79.878553,-2.2774132
"restaurant",9,"DURÁN",-79.8351256,-2.1633804
"restaurant",12,"DURÁN",-79.8351256,-2.1633804
"restaurant",9,"DURÁN",-79.8351256,-2.1633804
"restaurant",14,"DURÁN",-79.837755,-2.16249009999999
"restaurant",9,"9 DE OCTUBRE",-79.9042671,-2.2210179
"restaurant",9,"9 DE OCTUBRE",-79.9043305,-2.2216627
"restaurant",10,"DURÁN",-79.8423357,-2.1668212
"restaurant",10,"DURÁN",-79.8428806,-2.1664102
"restaurant",9,"9 DE OCTUBRE",-79.9125909,-2.2186949
"restaurant",10,"9 DE OCTUBRE",-79.9125909,-2.2186949
"restaurant",10,"9 DE OCTUBRE",-79.9125909,-2.2186949
"restaurant",10,"9 DE OCTUBRE",-79.9125909,-2.2186949
"restaurant",10,"9 DE OCTUBRE",-79.9125909,-2.2186949
"restaurant",9,"9 DE OCTUBRE",-79.9110277,-2.2189217
"restaurant",10,"9 DE OCTUBRE",-79.9110277,-2.2189217
"restaurant",10,"9 DE OCTUBRE",-79.9110277,-2.2189217
"restaurant",10,"9 DE OCTUBRE",-79.9110277,-2.2189217
"restaurant",10,"9 DE OCTUBRE",-79.9110277,-2.2189217
"restaurant",9,"9 DE OCTUBRE",-79.9107801,-2.2189363
"restaurant",10,"9 DE OCTUBRE",-79.9107801,-2.2189363
"restaurant",10,"9 DE OCTUBRE",-79.9107801,-2.2189363
"restaurant",10,"9 DE OCTUBRE",-79.9107801,-2.2189363
"restaurant",10,"9 DE OCTUBRE",-79.9107801,-2.2189363
"restaurant",9,"9 DE OCTUBRE",-79.910734,-2.2189363
"restaurant",10,"9 DE OCTUBRE",-79.910734,-2.2189363
"restaurant",10,"9 DE OCTUBRE",-79.910734,-2.2189363
"restaurant",10,"9 DE OCTUBRE",-79.910734,-2.2189363
"restaurant",10,"9 DE OCTUBRE",-79.910734,-2.2189363
"restaurant",9,"DURÁN",-79.842352,-2.1623115
"restaurant",10,"DURÁN",-79.842352,-2.1623115
"bank",9,"DURÁN",-79.8423111,-2.16225899999999
"bank",10,"DURÁN",-79.8423111,-2.16225899999999
"restaurant",9,"9 DE OCTUBRE",-79.9045635,-2.22214529999999
"restaurant",9,"DURÁN",-79.8415721,-2.1615269
"restaurant",10,"DURÁN",-79.8415721,-2.1615269
"restaurant",9,"DURÁN",-79.841516,-2.16146170000001
"restaurant",10,"DURÁN",-79.841516,-2.16146170000001
"restaurant",9,"DURÁN",-79.8403274,-2.15985779999999
"restaurant",9,"ESTEROS",-79.9074053,-2.22996339999999
"restaurant",9,"ESTEROS",-79.9074053,-2.22996339999999
"restaurant",9,"ESTEROS",-79.9074053,-2.22996339999999
"restaurant",9,"ESTEROS",-79.9055177,-2.2320374
"restaurant",9,"ESTEROS",-79.9055177,-2.2320374
"restaurant",9,"ESTEROS",-79.9055177,-2.2320374
"bar",9,"DURÁN",-79.8396285,-2.15904690000001
"bar",14,"DURÁN",-79.8396285,-2.15904690000001
"restaurant",9,"SUR - DMG",-79.887236,-2.259238
"restaurant",9,"SUR - DMG",-79.887236,-2.259238
"bar",9,"DURÁN",-79.8424743,-2.15981579999999
"restaurant",10,"NUEVA PROSPERINA",-79.9513797,-2.10391099999999
"restaurant",13,"NUEVA PROSPERINA",-79.9513797,-2.10391099999999
"restaurant",19,"NUEVA PROSPERINA",-79.9513797,-2.10391099999999
"restaurant",16,"NUEVA PROSPERINA",-79.9513797,-2.10391099999999
"restaurant",9,"NUEVA PROSPERINA",-79.9513797,-2.10391099999999
"restaurant",14,"NUEVA PROSPERINA",-79.9513797,-2.10391099999999
"restaurant",22,"NUEVA PROSPERINA",-79.9513797,-2.10391099999999
"restaurant",18,"NUEVA PROSPERINA",-79.9513797,-2.10391099999999
"restaurant",13,"NUEVA PROSPERINA",-79.953021,-2.1043946
"restaurant",19,"NUEVA PROSPERINA",-79.953021,-2.1043946
"restaurant",16,"NUEVA PROSPERINA",-79.953021,-2.1043946
"restaurant",16,"NUEVA PROSPERINA",-79.953021,-2.1043946
"restaurant",14,"NUEVA PROSPERINA",-79.953021,-2.1043946
"restaurant",22,"NUEVA PROSPERINA",-79.953021,-2.1043946
"restaurant",18,"NUEVA PROSPERINA",-79.953021,-2.1043946
"restaurant",12,"NUEVA PROSPERINA",-79.9545289,-2.1048301
"restaurant",15,"NUEVA PROSPERINA",-79.9545289,-2.1048301
"restaurant",19,"NUEVA PROSPERINA",-79.9545289,-2.1048301
"restaurant",15,"NUEVA PROSPERINA",-79.9545289,-2.1048301
"restaurant",15,"NUEVA PROSPERINA",-79.9545289,-2.1048301
"restaurant",15,"NUEVA PROSPERINA",-79.9545289,-2.1048301
"restaurant",16,"NUEVA PROSPERINA",-79.9545289,-2.1048301
"restaurant",18,"NUEVA PROSPERINA",-79.9545289,-2.1048301
"restaurant",10,"NUEVA PROSPERINA",-79.9545289,-2.1048301
"restaurant",12,"NUEVA PROSPERINA",-79.9550552,-2.10497790000001
"restaurant",15,"NUEVA PROSPERINA",-79.9550552,-2.10497790000001
"restaurant",10,"NUEVA PROSPERINA",-79.9550552,-2.10497790000001
"restaurant",19,"NUEVA PROSPERINA",-79.9550552,-2.10497790000001
"restaurant",15,"NUEVA PROSPERINA",-79.9550552,-2.10497790000001
"restaurant",15,"NUEVA PROSPERINA",-79.9550552,-2.10497790000001
"restaurant",15,"NUEVA PROSPERINA",-79.9550552,-2.10497790000001
"restaurant",16,"NUEVA PROSPERINA",-79.9550552,-2.10497790000001
"restaurant",10,"NUEVA PROSPERINA",-79.9550552,-2.10497790000001
"restaurant",10,"NUEVA PROSPERINA",-79.9668734,-2.11903440000001
"restaurant",9,"NUEVA PROSPERINA",-79.9668734,-2.11903440000001
"restaurant",10,"NUEVA PROSPERINA",-79.9668734,-2.11903440000001
"restaurant",12,"NUEVA PROSPERINA",-79.9668734,-2.11903440000001
"restaurant",11,"NUEVA PROSPERINA",-79.9668734,-2.11903440000001
"restaurant",13,"NUEVA PROSPERINA",-79.9668734,-2.11903440000001
"restaurant",10,"NUEVA PROSPERINA",-79.9668734,-2.11903440000001
"restaurant",10,"SUR - DMG",-79.8810965,-2.2602678
"restaurant",9,"SUR - DMG",-79.8805573,-2.2784106
"restaurant",9,"SUR - DMG",-79.8804755,-2.27772979999999
"restaurant",9,"SUR - DMG",-79.879924,-2.2768735
"bank",9,"SUR - DMG",-79.884961,-2.2598775
"restaurant",9,"9 DE OCTUBRE",-79.9044408,-2.22095759999999
"restaurant",9,"PORTETE",-79.9436085,-2.22688039999999
"restaurant",9,"ESTEROS",-79.9038704,-2.2345305
"restaurant",9,"ESTEROS",-79.9038704,-2.2345305
"restaurant",9,"ESTEROS",-79.9038704,-2.2345305
"restaurant",9,"ESTEROS",-79.9052377,-2.23598379999999
"restaurant",9,"ESTEROS",-79.9052377,-2.23598379999999
"restaurant",9,"ESTEROS",-79.9052377,-2.23598379999999
"restaurant",12,"PORTETE",-79.9419282,-2.228029
"restaurant",9,"PORTETE",-79.9419282,-2.228029
"restaurant",17,"MACHALA",-79.9602302,-3.26644390000001
"restaurant",17,"MACHALA",-79.9602302,-3.26644390000001
"restaurant",17,"MACHALA",-79.9602302,-3.26644390000001
"restaurant",22,"MACHALA",-79.9602302,-3.26644390000001
"restaurant",22,"MACHALA",-79.9602302,-3.26644390000001
"bar",17,"MACHALA",-79.9582921,-3.26449199999999
"bar",17,"MACHALA",-79.9582921,-3.26449199999999
"bar",17,"MACHALA",-79.9582921,-3.26449199999999
"bar",22,"MACHALA",-79.9582921,-3.26449199999999
"bar",22,"MACHALA",-79.9582921,-3.26449199999999
"nightclub",17,"MACHALA",-79.9599514,-3.26605370000001
"nightclub",17,"MACHALA",-79.9599514,-3.26605370000001
"nightclub",17,"MACHALA",-79.9599514,-3.26605370000001
"nightclub",22,"MACHALA",-79.9599514,-3.26605370000001
"nightclub",22,"MACHALA",-79.9599514,-3.26605370000001
"bank",17,"MACHALA",-79.9582518,-3.26354140000001
"bank",17,"MACHALA",-79.9582518,-3.26354140000001
"bank",17,"MACHALA",-79.9582518,-3.26354140000001
"bank",22,"MACHALA",-79.9582518,-3.26354140000001
"bank",22,"MACHALA",-79.9582518,-3.26354140000001
"bus_station",9,"NUEVA PROSPERINA",-79.9728459,-2.1204713
"bus_station",9,"NUEVA PROSPERINA",-79.9728459,-2.1204713
"bus_station",9,"NUEVA PROSPERINA",-79.9728459,-2.1204713
"bus_station",9,"NUEVA PROSPERINA",-79.9728459,-2.1204713
"bus_station",9,"NUEVA PROSPERINA",-79.9728459,-2.1204713
"bus_station",14,"NUEVA PROSPERINA",-79.9728459,-2.1204713
"restaurant",9,"9 DE OCTUBRE",-79.9069275,-2.2194167
"atm",9,"DURÁN",-79.8309419,-2.17584120000001
"restaurant",10,"DURÁN",-79.8447552,-2.16394199999999
"bus_station",10,"SUR - DMG",-79.8774791,-2.2825669
"bus_station",10,"SUR - DMG",-79.8774791,-2.2825669
"bus_station",10,"SUR - DMG",-79.8774791,-2.2825669
"bus_station",10,"SUR - DMG",-79.8774791,-2.2825669
"bus_station",11,"SUR - DMG",-79.8774791,-2.2825669
"restaurant",10,"SUR - DMG",-79.8850061,-2.2577205
"restaurant",9,"SUR - DMG",-79.8850061,-2.2577205
"bank",14,"MACHALA",-79.962865,-3.26159870000001
"bank",14,"MACHALA",-79.962865,-3.26159870000001
"bank",14,"MACHALA",-79.962865,-3.26159870000001
"bank",14,"MACHALA",-79.962865,-3.26159870000001
"bank",14,"MACHALA",-79.962865,-3.26159870000001
"bank",14,"MACHALA",-79.962865,-3.26159870000001
"bank",14,"MACHALA",-79.962865,-3.26159870000001
"bank",14,"MACHALA",-79.962865,-3.26159870000001
"bank",14,"MACHALA",-79.962865,-3.26159870000001
"bank",14,"MACHALA",-79.962865,-3.26159870000001
"bank",14,"MACHALA",-79.962865,-3.26159870000001
"bank",14,"MACHALA",-79.962865,-3.26159870000001
"bank",14,"MACHALA",-79.962865,-3.26159870000001
"bank",14,"MACHALA",-79.962865,-3.26159870000001
"bank",14,"MACHALA",-79.962865,-3.26159870000001
"bank",14,"MACHALA",-79.962865,-3.26159870000001
"bank",14,"MACHALA",-79.962865,-3.26159870000001
"bank",14,"MACHALA",-79.962865,-3.26159870000001
"bank",14,"MACHALA",-79.962865,-3.26159870000001
"bank",14,"MACHALA",-79.962865,-3.26159870000001
"bank",14,"MACHALA",-79.962865,-3.26159870000001
"bank",14,"MACHALA",-79.962865,-3.26159870000001
"bank",14,"MACHALA",-79.962865,-3.26159870000001
"bank",14,"MACHALA",-79.962865,-3.26159870000001
"bank",14,"MACHALA",-79.962865,-3.26159870000001
"bank",14,"MACHALA",-79.962865,-3.26159870000001
"bank",14,"MACHALA",-79.962865,-3.26159870000001
"bank",14,"MACHALA",-79.962865,-3.26159870000001
"bank",14,"MACHALA",-79.962865,-3.26159870000001
"bank",14,"MACHALA",-79.962865,-3.26159870000001
"bank",14,"MACHALA",-79.962865,-3.26159870000001
"bank",14,"MACHALA",-79.962865,-3.26159870000001
"bank",14,"MACHALA",-79.962865,-3.26159870000001
"bank",14,"MACHALA",-79.962865,-3.26159870000001
"bank",19,"MACHALA",-79.962865,-3.26159870000001
"bank",19,"MACHALA",-79.962865,-3.26159870000001
"restaurant",9,"SUR - DMG",-79.8840092,-2.2607876
"atm",9,"ESTEROS",-79.9314408,-2.2324893
"bar",9,"9 DE OCTUBRE",-79.9042071,-2.2210417
"restaurant",14,"MACHALA",-79.9623567,-3.26212639999999
"restaurant",14,"MACHALA",-79.9623567,-3.26212639999999
"restaurant",14,"MACHALA",-79.9623567,-3.26212639999999
"restaurant",14,"MACHALA",-79.9623567,-3.26212639999999
"restaurant",14,"MACHALA",-79.9623567,-3.26212639999999
"restaurant",14,"MACHALA",-79.9623567,-3.26212639999999
"restaurant",14,"MACHALA",-79.9623567,-3.26212639999999
"restaurant",14,"MACHALA",-79.9623567,-3.26212639999999
"restaurant",14,"MACHALA",-79.9623567,-3.26212639999999
"restaurant",14,"MACHALA",-79.9623567,-3.26212639999999
"restaurant",14,"MACHALA",-79.9623567,-3.26212639999999
"restaurant",14,"MACHALA",-79.9623567,-3.26212639999999
"restaurant",14,"MACHALA",-79.9623567,-3.26212639999999
"restaurant",14,"MACHALA",-79.9623567,-3.26212639999999
"restaurant",14,"MACHALA",-79.9623567,-3.26212639999999
"restaurant",14,"MACHALA",-79.9623567,-3.26212639999999
"restaurant",14,"MACHALA",-79.9623567,-3.26212639999999
"restaurant",14,"MACHALA",-79.9623567,-3.26212639999999
"restaurant",14,"MACHALA",-79.9623567,-3.26212639999999
"restaurant",14,"MACHALA",-79.9623567,-3.26212639999999
"restaurant",14,"MACHALA",-79.9623567,-3.26212639999999
"restaurant",14,"MACHALA",-79.9623567,-3.26212639999999
"restaurant",14,"MACHALA",-79.9623567,-3.26212639999999
"restaurant",14,"MACHALA",-79.9623567,-3.26212639999999
"restaurant",14,"MACHALA",-79.9623567,-3.26212639999999
"restaurant",14,"MACHALA",-79.9623567,-3.26212639999999
"restaurant",14,"MACHALA",-79.9623567,-3.26212639999999
"restaurant",14,"MACHALA",-79.9623567,-3.26212639999999
"restaurant",14,"MACHALA",-79.9623567,-3.26212639999999
"restaurant",14,"MACHALA",-79.9623567,-3.26212639999999
"restaurant",14,"MACHALA",-79.9623567,-3.26212639999999
"restaurant",14,"MACHALA",-79.9623567,-3.26212639999999
"restaurant",14,"MACHALA",-79.9623567,-3.26212639999999
"restaurant",14,"MACHALA",-79.9623567,-3.26212639999999
"restaurant",19,"MACHALA",-79.9623567,-3.26212639999999
"restaurant",19,"MACHALA",-79.9623567,-3.26212639999999
"restaurant",9,"DURÁN",-79.8436967,-2.16346180000001
"restaurant",10,"DURÁN",-79.8436967,-2.16346180000001
"restaurant",17,"MACHALA",-79.9564167,-3.2666483
"restaurant",17,"MACHALA",-79.9564167,-3.2666483
"restaurant",17,"MACHALA",-79.9564167,-3.2666483
"restaurant",11,"SUR - DMG",-79.8754702,-2.279988
"restaurant",10,"SUR - DMG",-79.8754702,-2.279988
"restaurant",10,"SUR - DMG",-79.875862,-2.2804997
"restaurant",11,"SUR - DMG",-79.875862,-2.2804997
"restaurant",10,"SUR - DMG",-79.875862,-2.2804997
"restaurant",14,"MACHALA",-79.961149,-3.2655985
"restaurant",14,"MACHALA",-79.961149,-3.2655985
"restaurant",14,"MACHALA",-79.961149,-3.2655985
"restaurant",14,"MACHALA",-79.961149,-3.2655985
"restaurant",14,"MACHALA",-79.961149,-3.2655985
"restaurant",14,"MACHALA",-79.961149,-3.2655985
"restaurant",14,"MACHALA",-79.961149,-3.2655985
"restaurant",14,"MACHALA",-79.961149,-3.2655985
"restaurant",14,"MACHALA",-79.961149,-3.2655985
"restaurant",14,"MACHALA",-79.961149,-3.2655985
"restaurant",14,"MACHALA",-79.961149,-3.2655985
"restaurant",14,"MACHALA",-79.961149,-3.2655985
"restaurant",14,"MACHALA",-79.961149,-3.2655985
"restaurant",14,"MACHALA",-79.961149,-3.2655985
"restaurant",14,"MACHALA",-79.961149,-3.2655985
"restaurant",14,"MACHALA",-79.961149,-3.2655985
"restaurant",14,"MACHALA",-79.961149,-3.2655985
"restaurant",14,"MACHALA",-79.961149,-3.2655985
"restaurant",14,"MACHALA",-79.961149,-3.2655985
"restaurant",14,"MACHALA",-79.961149,-3.2655985
"restaurant",14,"MACHALA",-79.961149,-3.2655985
"restaurant",14,"MACHALA",-79.961149,-3.2655985
"restaurant",14,"MACHALA",-79.961149,-3.2655985
"restaurant",14,"MACHALA",-79.961149,-3.2655985
"restaurant",14,"MACHALA",-79.961149,-3.2655985
"restaurant",14,"MACHALA",-79.961149,-3.2655985
"restaurant",14,"MACHALA",-79.961149,-3.2655985
"restaurant",14,"MACHALA",-79.961149,-3.2655985
"restaurant",14,"MACHALA",-79.961149,-3.2655985
"restaurant",14,"MACHALA",-79.961149,-3.2655985
"restaurant",14,"MACHALA",-79.961149,-3.2655985
"restaurant",14,"MACHALA",-79.961149,-3.2655985
"restaurant",14,"MACHALA",-79.961149,-3.2655985
"restaurant",14,"MACHALA",-79.961149,-3.2655985
"restaurant",17,"MACHALA",-79.961149,-3.2655985
"restaurant",17,"MACHALA",-79.961149,-3.2655985
"restaurant",17,"MACHALA",-79.961149,-3.2655985
"restaurant",19,"MACHALA",-79.961149,-3.2655985
"restaurant",19,"MACHALA",-79.961149,-3.2655985
"restaurant",22,"MACHALA",-79.961149,-3.2655985
"restaurant",22,"MACHALA",-79.961149,-3.2655985
"nightclub",17,"MACHALA",-79.95811,-3.2654441
"nightclub",17,"MACHALA",-79.95811,-3.2654441
"nightclub",17,"MACHALA",-79.95811,-3.2654441
"nightclub",22,"MACHALA",-79.95811,-3.2654441
"nightclub",22,"MACHALA",-79.95811,-3.2654441
"restaurant",10,"DURÁN",-79.84393,-2.16497230000001
"bar",17,"MACHALA",-79.958706,-3.2657511
"bar",17,"MACHALA",-79.958706,-3.2657511
"bar",17,"MACHALA",-79.958706,-3.2657511
"bar",22,"MACHALA",-79.958706,-3.2657511
"bar",22,"MACHALA",-79.958706,-3.2657511
"police",9,"NUEVA PROSPERINA",-79.9688076,-2.1200371
"police",9,"NUEVA PROSPERINA",-79.9688076,-2.1200371
"police",9,"NUEVA PROSPERINA",-79.9688076,-2.1200371
"police",9,"NUEVA PROSPERINA",-79.9688076,-2.1200371
"police",9,"NUEVA PROSPERINA",-79.9688076,-2.1200371
"police",14,"NUEVA PROSPERINA",-79.9688076,-2.1200371
"police",10,"NUEVA PROSPERINA",-79.9688076,-2.1200371
"police",9,"NUEVA PROSPERINA",-79.9688076,-2.1200371
"police",10,"NUEVA PROSPERINA",-79.9688076,-2.1200371
"police",12,"NUEVA PROSPERINA",-79.9688076,-2.1200371
"police",11,"NUEVA PROSPERINA",-79.9688076,-2.1200371
"police",13,"NUEVA PROSPERINA",-79.9688076,-2.1200371
"police",10,"NUEVA PROSPERINA",-79.9688076,-2.1200371
"restaurant",9,"DURÁN",-79.8300067,-2.17478220000001
"restaurant",9,"DURÁN",-79.8290971,-2.1734475
"restaurant",9,"DURÁN",-79.8298606,-2.17458880000001
"bar",9,"DURÁN",-79.8295223,-2.1740802
"bar",9,"DURÁN",-79.8283673,-2.17334649999999
"bar",17,"MACHALA",-79.9588398,-3.26562009999999
"bar",17,"MACHALA",-79.9588398,-3.26562009999999
"bar",17,"MACHALA",-79.9588398,-3.26562009999999
"bar",22,"MACHALA",-79.9588398,-3.26562009999999
"bar",22,"MACHALA",-79.9588398,-3.26562009999999
"social_facility",9,"NUEVA PROSPERINA",-79.9631428,-2.0937249
"social_facility",10,"NUEVA PROSPERINA",-79.9631428,-2.0937249
"social_facility",9,"NUEVA PROSPERINA",-79.9631428,-2.0937249
"social_facility",9,"NUEVA PROSPERINA",-79.9631428,-2.0937249
"social_facility",9,"NUEVA PROSPERINA",-79.9631428,-2.0937249
"social_facility",9,"NUEVA PROSPERINA",-79.9631428,-2.0937249
"social_facility",9,"NUEVA PROSPERINA",-79.9631428,-2.0937249
"social_facility",9,"NUEVA PROSPERINA",-79.9631428,-2.0937249
"social_facility",9,"NUEVA PROSPERINA",-79.9631428,-2.0937249
"social_facility",9,"NUEVA PROSPERINA",-79.9631428,-2.0937249
"social_facility",10,"NUEVA PROSPERINA",-79.9631428,-2.0937249
"social_facility",10,"ESTEROS",-79.9233494,-2.2325443
"social_facility",10,"NUEVA PROSPERINA",-79.9617058,-2.13327730000001
"bank",9,"PASCUALES",-79.9341911,-2.06989700000001
"restaurant",14,"MACHALA",-79.9609898,-3.263497
"restaurant",14,"MACHALA",-79.9609898,-3.263497
"restaurant",14,"MACHALA",-79.9609898,-3.263497
"restaurant",14,"MACHALA",-79.9609898,-3.263497
"restaurant",14,"MACHALA",-79.9609898,-3.263497
"restaurant",14,"MACHALA",-79.9609898,-3.263497
"restaurant",14,"MACHALA",-79.9609898,-3.263497
"restaurant",14,"MACHALA",-79.9609898,-3.263497
"restaurant",14,"MACHALA",-79.9609898,-3.263497
"restaurant",14,"MACHALA",-79.9609898,-3.263497
"restaurant",14,"MACHALA",-79.9609898,-3.263497
"restaurant",14,"MACHALA",-79.9609898,-3.263497
"restaurant",14,"MACHALA",-79.9609898,-3.263497
"restaurant",14,"MACHALA",-79.9609898,-3.263497
"restaurant",14,"MACHALA",-79.9609898,-3.263497
"restaurant",14,"MACHALA",-79.9609898,-3.263497
"restaurant",14,"MACHALA",-79.9609898,-3.263497
"restaurant",14,"MACHALA",-79.9609898,-3.263497
"restaurant",14,"MACHALA",-79.9609898,-3.263497
"restaurant",14,"MACHALA",-79.9609898,-3.263497
"restaurant",14,"MACHALA",-79.9609898,-3.263497
"restaurant",14,"MACHALA",-79.9609898,-3.263497
"restaurant",14,"MACHALA",-79.9609898,-3.263497
"restaurant",14,"MACHALA",-79.9609898,-3.263497
"restaurant",14,"MACHALA",-79.9609898,-3.263497
"restaurant",14,"MACHALA",-79.9609898,-3.263497
"restaurant",14,"MACHALA",-79.9609898,-3.263497
"restaurant",14,"MACHALA",-79.9609898,-3.263497
"restaurant",14,"MACHALA",-79.9609898,-3.263497
"restaurant",14,"MACHALA",-79.9609898,-3.263497
"restaurant",14,"MACHALA",-79.9609898,-3.263497
"restaurant",14,"MACHALA",-79.9609898,-3.263497
"restaurant",14,"MACHALA",-79.9609898,-3.263497
"restaurant",14,"MACHALA",-79.9609898,-3.263497
"restaurant",17,"MACHALA",-79.9609898,-3.263497
"restaurant",17,"MACHALA",-79.9609898,-3.263497
"restaurant",17,"MACHALA",-79.9609898,-3.263497
"restaurant",19,"MACHALA",-79.9609898,-3.263497
"restaurant",19,"MACHALA",-79.9609898,-3.263497
"restaurant",22,"MACHALA",-79.9609898,-3.263497
"restaurant",22,"MACHALA",-79.9609898,-3.263497
"hospital",12,"NUEVA PROSPERINA",-79.96376,-2.13073680000001
"hospital",12,"NUEVA PROSPERINA",-79.96376,-2.13073680000001
"hospital",12,"NUEVA PROSPERINA",-79.96376,-2.13073680000001
"hospital",14,"NUEVA PROSPERINA",-79.96376,-2.13073680000001
"hospital",10,"NUEVA PROSPERINA",-79.96376,-2.13073680000001
"restaurant",17,"MACHALA",-79.956729,-3.2665172
"restaurant",17,"MACHALA",-79.956729,-3.2665172
"restaurant",17,"MACHALA",-79.956729,-3.2665172
"restaurant",22,"MACHALA",-79.956729,-3.2665172
"restaurant",22,"MACHALA",-79.956729,-3.2665172
"restaurant",12,"NUEVA PROSPERINA",-79.9589739,-2.10803530000001
"hospital",9,"DURÁN",-79.8440911,-2.1641849
"hospital",10,"DURÁN",-79.8440911,-2.1641849
"hospital",12,"NUEVA PROSPERINA",-79.9556439,-2.10535730000001
"hospital",15,"NUEVA PROSPERINA",-79.9556439,-2.10535730000001
"hospital",10,"NUEVA PROSPERINA",-79.9556439,-2.10535730000001
"hospital",15,"NUEVA PROSPERINA",-79.9556439,-2.10535730000001
"hospital",15,"NUEVA PROSPERINA",-79.9556439,-2.10535730000001
"hospital",15,"NUEVA PROSPERINA",-79.9556439,-2.10535730000001
"hospital",16,"NUEVA PROSPERINA",-79.9556439,-2.10535730000001
"hospital",13,"NUEVA PROSPERINA",-79.9556439,-2.10535730000001
"hospital",10,"NUEVA PROSPERINA",-79.9556439,-2.10535730000001
"hospital",10,"NUEVA PROSPERINA",-79.948751,-2.10034669999999
"hospital",9,"NUEVA PROSPERINA",-79.948751,-2.10034669999999
"hospital",9,"NUEVA PROSPERINA",-79.948751,-2.10034669999999
"hospital",14,"NUEVA PROSPERINA",-79.948751,-2.10034669999999
"bar",10,"NUEVA PROSPERINA",-79.9483409,-2.10181000000001
"bar",9,"NUEVA PROSPERINA",-79.9483409,-2.10181000000001
"bar",16,"NUEVA PROSPERINA",-79.9483409,-2.10181000000001
"bar",9,"NUEVA PROSPERINA",-79.9483409,-2.10181000000001
"bar",14,"NUEVA PROSPERINA",-79.9483409,-2.10181000000001
"bar",22,"NUEVA PROSPERINA",-79.9483409,-2.10181000000001
"bar",18,"NUEVA PROSPERINA",-79.9483409,-2.10181000000001
"restaurant",14,"MACHALA",-79.9622119,-3.2625983
"restaurant",14,"MACHALA",-79.9622119,-3.2625983
"restaurant",14,"MACHALA",-79.9622119,-3.2625983
"restaurant",14,"MACHALA",-79.9622119,-3.2625983
"restaurant",14,"MACHALA",-79.9622119,-3.2625983
"restaurant",14,"MACHALA",-79.9622119,-3.2625983
"restaurant",14,"MACHALA",-79.9622119,-3.2625983
"restaurant",14,"MACHALA",-79.9622119,-3.2625983
"restaurant",14,"MACHALA",-79.9622119,-3.2625983
"restaurant",14,"MACHALA",-79.9622119,-3.2625983
"restaurant",14,"MACHALA",-79.9622119,-3.2625983
"restaurant",14,"MACHALA",-79.9622119,-3.2625983
"restaurant",14,"MACHALA",-79.9622119,-3.2625983
"restaurant",14,"MACHALA",-79.9622119,-3.2625983
"restaurant",14,"MACHALA",-79.9622119,-3.2625983
"restaurant",14,"MACHALA",-79.9622119,-3.2625983
"restaurant",14,"MACHALA",-79.9622119,-3.2625983
"restaurant",14,"MACHALA",-79.9622119,-3.2625983
"restaurant",14,"MACHALA",-79.9622119,-3.2625983
"restaurant",14,"MACHALA",-79.9622119,-3.2625983
"restaurant",14,"MACHALA",-79.9622119,-3.2625983
"restaurant",14,"MACHALA",-79.9622119,-3.2625983
"restaurant",14,"MACHALA",-79.9622119,-3.2625983
"restaurant",14,"MACHALA",-79.9622119,-3.2625983
"restaurant",14,"MACHALA",-79.9622119,-3.2625983
"restaurant",14,"MACHALA",-79.9622119,-3.2625983
"restaurant",14,"MACHALA",-79.9622119,-3.2625983
"restaurant",14,"MACHALA",-79.9622119,-3.2625983
"restaurant",14,"MACHALA",-79.9622119,-3.2625983
"restaurant",14,"MACHALA",-79.9622119,-3.2625983
"restaurant",14,"MACHALA",-79.9622119,-3.2625983
"restaurant",14,"MACHALA",-79.9622119,-3.2625983
"restaurant",14,"MACHALA",-79.9622119,-3.2625983
"restaurant",14,"MACHALA",-79.9622119,-3.2625983
"restaurant",19,"MACHALA",-79.9622119,-3.2625983
"restaurant",19,"MACHALA",-79.9622119,-3.2625983
"restaurant",10,"SUR - DMG",-79.8831252,-2.2549308
"restaurant",9,"SUR - DMG",-79.8831252,-2.2549308
