"0","paleta_magma <- c(""0.2"" = ""#440154"",  # Morado oscuro"
"0","                  ""0.5"" = ""#9b179f"",  # Fucsia"
"0","                  ""0.8"" = ""#ed6925"",  # Naranja vibrante"
"0","                  ""1.0"" = ""#fdfa24"")"
"0","base_acumulada_mapa <- base_limpia %>%"
"0","  filter(!is.na(longitud) & !is.na(latitud))"
"0","mapa_acumulado <- leaflet(data = base_acumulada_mapa) %>%"
"0","  addProviderTiles(providers$CartoDB.Positron) %>% "
"0","  addHeatmap("
"0","    lng = ~longitud, "
"0","    lat = ~latitud,"
"0","    blur = 18, "
"0","    radius = 12,"
"0","    gradient = paleta_magma,"
"0","    max = 0.05"
"0","  )"
"0",""
"0","mapa_acumulado"
