"0","library(dplyr)"
"0","library(lubridate)"
"0","library(ggplot2)"
"0","library(sf)"
"0","library(leaflet)"
"0","library(leaflet.extras)"
"0","library(htmlwidgets)"
"0","library(patchwork)"
"0","library(rnaturalearth)"
"0","library(osmdata)"
"0",""
"0","# --- PARÁMETROS CONFIGURABLES (Cambiar aquí para adaptar el análisis) ---"
"0","crs_geo     <- 4326     # WGS84 (Latitud/Longitud ideal para mapas web)"
"0","crs_proy    <- 32717    # UTM Zona 17S (Ideal para medir distancias en metros en Ecuador)"
"0","dist_umbral <- 500      # Distancia en metros para considerar un evento ""vecino"""
"0","dias_umbral <- 30       # Días de diferencia para considerar un evento ""vecino"""
"0","buffer_pico <- 400      # Metros de radio para extraer amenidades en zonas críticas"
"0","# -------------------------------------------------------------------------"
"0",""
"0","# ============================================================================="
"0","# 2. CARGA Y LIMPIEZA DE DATOS"
"0","# ============================================================================="
"0","# Lectura de bases"
"0","base_1 <- read.csv(""mdi_homicidiosintencionales_pm_2014_2025.csv"")"
"0","base_2 <- read.csv(""mdi_homicidiosintencionalse_pm_2026_enero_febrer.csv"")"
"0","base_cruda <- bind_rows(base_1, base_2)"
"0","rm(list=c(""base_1"",""base_2""))"
"0",""
"0","# Limpieza y filtrado espacial"
"0","base_limpia <- base_cruda %>%"
"0","  mutate("
"0","    fecha_infraccion = as.Date(fecha_infraccion, format = ""%Y/%m/%d""),"
"0","    # Reemplazar comas por puntos en coordenadas"
"0","    longitud = as.numeric(gsub("","", ""."", as.character(coordenada_x))),"
"0","    latitud  = as.numeric(gsub("","", ""."", as.character(coordenada_y)))"
"0","  ) %>%"
"0","  # Eliminar NAs y filtrar por el Bounding Box aproximado de Ecuador"
"0","  filter(!is.na(longitud) & !is.na(latitud)) %>%"
"0","  filter(longitud > -82 & longitud < -75) %>%"
"0","  filter(latitud > -6 & latitud < 2)"
