"0","tendencia_provincial <- base_limpia %>%"
"0","  mutate(mes_año = floor_date(fecha_infraccion, ""month"")) %>% "
"0","  group_by(provincia, mes_año) %>%"
"0","  summarise(total_eventos = n(), .groups = 'drop')"
"0","ggplot(tendencia_provincial, aes(x = mes_año, y = total_eventos, color = provincia)) +"
"0","  geom_line(size = 0.8) +"
"0","  facet_wrap(~provincia, scales = ""free_y"") + "
"0","  theme_minimal() +"
"0","  theme(legend.position = ""none"", "
"0","        strip.text = element_text(face = ""bold"", size = 8),"
"0","        axis.text.x = element_text(angle = 45, hjust = 1)) + "
"0","  labs(title = ""Comportamiento Temporal de Eventos por Provincia"","
"0","       x = ""Fecha (Mes y Año)"","
"0","       y = ""Total de Homicidios"")"
